Workbook

Sheet Overview
E3: UFO / UAP Sightings Log
B8: Business questions | J8: Workflow
B10: Which incidents remain unresolved? | J10: steps that i will take :
B11: Which locations appear most often?
B12: What explanations are most common? | J12: Identify questions
B13: Which incidents have the highest credibility? | J13: Collect and store data
B14: How many cases are open vs resolved? | J14: Clean and prepare data
B15: Are sightings concentrated in certain years or areas? | J15: Analyze data
J16: Visualize and communicate results

Sheet Raw_Sheet
A1: Incident_ID | B1: Incident_Name | C1: Incident_Date | D1: Date_Precision | E1: Area_Group | F1: Location | G1: Reporting_Agency | H1: Source_Type | I1: Evidence_Type | J1: Status | K1: Likely_Explanation | L1: Official_Confidence | M1: Year | N1: Open_Case_Flag | O1: Credibility_Score | P1: Credibility_Rating | Q1: Assessed_Altitude_ft | R1: Notes | S1: Source_URL
A2: UAP-001 | B2: PR-001 Unresolved UAP Report | C2: 44562 | D2: Year | E2: Africa | F2: Africa 2022 | G2: U.S. Africa Command / AARO | H2: Official imagery page | I2: Infrared | J2: Unresolved | K2: Unknown / insufficient data | L2: Unknown | R2: Heat signature possibly physical object; insufficient data for conclusive evaluation. | S2: https://www.aaro.mil/UAP-Cases/Official-UAP-Imagery/
A3: UAP-002 | B3: PR-002 Resolved as Migratory Birds | C3: 45292 | D3: Year | E3: Africa | F3: Africa 2024 | G3: U.S. Africa Command / AARO | H3: Official imagery page | I3: Infrared | J3: Resolved | K3: Migratory birds | L3: High | R3: High-confidence resolution to migratory birds aligned with known routes. | S3: https://www.aaro.mil/UAP-Cases/Official-UAP-Imagery/
A4: UAP-003 | B4: PR-004 Resolved as Balloon | C4: 44562 | D4: Year | E4: Europe | F4: Europe 2022 | G4: U.S. European Command / AARO | H4: Official imagery page | I4: Infrared | J4: Resolved | K4: Balloon | L4: High | R4: AARO assessed the object was almost certainly a balloon. | S4: https://www.aaro.mil/UAP-Cases/Official-UAP-Imagery/
A5: UAP-004 | B5: PR-005 Resolved as Balloon | C5: 44562 | D5: Year | E5: Europe | F5: Europe 2022 | G5: U.S. European Command / AARO | H5: Official imagery page | I5: Infrared | J5: Resolved | K5: Balloon | L5: High | R5: AARO assessed the object was almost certainly a balloon. | S5: https://www.aaro.mil/UAP-Cases/Official-UAP-Imagery/
A6: UAP-005 | B6: PR-006 Resolved as Balloon | C6: 44562 | D6: Year | E6: Europe | F6: Europe 2022 | G6: U.S. European Command / AARO | H6: Official imagery page | I6: Infrared | J6: Resolved | K6: Balloon | L6: High | R6: AARO assessed the object was almost certainly a balloon. | S6: https://www.aaro.mil/UAP-Cases/Official-UAP-Imagery/
A7: UAP-006 | B7: PR-007 Closed as Not Anomalous | C7: 44562 | D7: Year | E7: Europe | F7: Europe 2022 | G7: U.S. European Command / AARO | H7: Official imagery page | I7: Infrared | J7: Not Anomalous | K7: Prosaic aircraft | L7: High | R7: Object did not meet morphology/performance criteria for further anomalous analysis. | S7: https://www.aaro.mil/UAP-Cases/Official-UAP-Imagery/
A8: UAP-007 | B8: PR-008 Unresolved UAP Report | C8: 44562 | D8: Year | E8: Europe | F8: Europe 2022 | G8: U.S. European Command / AARO | H8: Official imagery page | I8: Infrared | J8: Unresolved | K8: Unknown / heat-signature ambiguity | L8: Unknown | R8: Possible physical source, thermal reflection, environmental differential, or sensor error. | S8: https://www.aaro.mil/UAP-Cases/Official-UAP-Imagery/
A9: UAP-008 | B9: PR-009 Resolved as Balloon | C9: 44562 | D9: Year | E9: Europe | F9: Europe 2022 | G9: U.S. European Command / AARO | H9: Official imagery page | I9: Infrared | J9: Resolved | K9: Balloon | L9: High | R9: AARO assessed the object was almost certainly a balloon. | S9: https://www.aaro.mil/UAP-Cases/Official-UAP-Imagery/
A10: UAP-009 | B10: PR-010 Resolved as Balloon | C10: 44562 | D10: Year | E10: Europe | F10: Europe 2022 | G10: U.S. European Command / AARO | H10: Official imagery page | I10: Infrared | J10: Resolved | K10: Balloon | L10: High | R10: AARO assessed the object was almost certainly a balloon. | S10: https://www.aaro.mil/UAP-Cases/Official-UAP-Imagery/
A11: UAP-010 | B11: PR-011 Under Analysis | C11: 44197 | D11: Year | E11: Europe | F11: Europe 2021 | G11: U.S. European Command / AARO | H11: Official imagery page | I11: Infrared | J11: Under Analysis | K11: Unknown | L11: Unknown | R11: Physical object suggested by infrared contrast; analysis ongoing. | S11: https://www.aaro.mil/UAP-Cases/Official-UAP-Imagery/
A12: UAP-011 | B12: PR-012 Unresolved UAP Report | C12: 44562 | D12: Year | E12: Europe | F12: Europe 2022 | G12: U.S. European Command / AARO | H12: Official imagery page | I12: Infrared | J12: Unresolved | K12: Unknown physical object | L12: High | R12: High-confidence assessment that footage depicts a physical object, but attribution remains open. | S12: https://www.aaro.mil/UAP-Cases/Official-UAP-Imagery/
A13: UAP-012 | B13: PR-013 Unresolved UAP Report | C13: 44562 | D13: Year | E13: Europe | F13: Europe 2022 | G13: U.S. European Command / AARO | H13: Official imagery page | I13: Infrared | J13: Unresolved | K13: Unknown physical object | L13: High | R13: High-confidence assessment that footage depicts a physical object, but attribution remains open. | S13: https://www.aaro.mil/UAP-Cases/Official-UAP-Imagery/
... A22: UAP-020 | B22: Middle East Unresolved UAP | C22: 44927 | D22: Year | E22: Middle East | F22: Middle East 2023 | G22: U.S. Military Service / AARO | H22: Official imagery page | I22: Infrared | J22: Unresolved | K22: Unknown / artifact vs physical source | L22: Unknown | R22: Thermal contrast may indicate physical object, but telemetry and multi-modal data were lacking. | S22: https://www.aaro.mil/UAP-Cases/Official-UAP-Imagery/
A23: UAP-021 | B23: Al Taqaddum Object | C23: 43031 | D23: Day | E23: Middle East | F23: Al Taqaddum Air Base, Iraq | G23: AARO / DoD | H23: Case resolution report | I23: Infrared | J23: Resolved | K23: Cluster of balloons | L23: High | Q23: 2200 | R23: AARO assessed with high confidence the object was consistent with a cluster of balloons. | S23: https://www.aaro.mil/Portals/136/PDFs/case_resolution_reports/AARO_Al_Taqaddam_Case_Resolution_Final.pdf
A24: UAP-022 | B24: Puerto Rico Object | C24: 74261 | D24: Day | E24: North America/Caribbean | F24: Puerto Rico | G24: U.S. Customs and Border Protection / AARO | H24: Case resolution report | I24: Infrared | J24: Resolved | K24: Pair of sky lanterns | L24: Moderate | Q24: 656 | R24: AARO assessed no anomalous behavior; moderate confidence objects were sky lanterns. | S24: https://www.aaro.mil/Portals/136/PDFs/case_resolution_reports/AARO_Puerto_Rico_UAP_Case_Resolution.pdf
A25: UAP-023 | B25: GoFast | C25: 42005 | D25: Month | E25: North America/Caribbean | F25: Eastern coast of Florida | G25: U.S. Navy / AARO | H25: Case resolution report | I25: Forward Looking Infrared | J25: Not Anomalous | K25: Unidentified object; no anomalous performance | L25: Hgh | Q25: 13000 | R25: AARO could not identify the object, but assessed with high confidence it showed no anomalous performance. | S25: https://www.aaro.mil/Portals/136/PDFs/case_resolution_reports/AARO_GoFast_Case_Resolution_Card_Methodology_Final.pdf
A26: UAP-024 | B26: Eglin UAP | C26: 44952 | D26: Day | E26: North America/Caribbean | F26: Near Eglin Air Force Base, Florida | G26: Military personnel / AARO | H26: Case resolution report | I26: Electro-optical, infrared, visual identification, and radar | J26: Resolved | K26: Lighter-than-air object / balloon | L26: Moderate | Q26: 16000 | R26: Resolved with moderate confidence as a lighter-than-air object such as a commercial lighting balloon. | S26: https://www.aaro.mil/Portals/136/PDFs/case_resolution_reports/Case_Resolution_of_Eglin_UAP_2_508_.pdf
A27: UAP-025 | B27: Atmospheric Wakes | C27: 44562 | D27: Range | E27: Multi-Region | F27: Middle East and Mediterranean Sea | G27: Theater UAV operators / AARO | H27: Case resolution report | I27: Infrared | J27: Resolved | K27: Sensor artifact / prosaic aircraft | L27: High | R27: Three cases resolved as prosaic aircraft plus sensor artifacts rather than anomalous propulsion. | S27: https://www.aaro.mil/Portals/136/PDFs/case_resolution_reports/Case_Resolution_of_Atmospheric_Wakes_508-02262024.pdf
A28: UAP-026 | B28: Southeast Asia Triangles | C28: 42977 | D28: Day | E28: Asia-Pacific | F28: Southeast Asia | G28: Intelligence Community member / AARO | H28: Case resolution report | I28: Satellite imagery | J28: Resolved | K28: Fishing nets | L28: High | R28: Objects were almost certainly static fishing nets on the ocean surface. | S28: https://www.aaro.mil/Portals/136/PDFs/case_resolution_reports/Case_Resolution_of_Southeast_Asia_Triangles_508-02262024.pdf
A29: UAP-027 | B29: Western United States | C29: 44197 | D29: Year | E29: North America/Caribbean | F29: Western United States military airspace | G29: Military personnel / AARO | H29: Case resolution report | I29: Infrared | J29: Resolved | K29: Commercial aircraft | L29: High | Q29: 40000 | R29: Equidistant lights correlated with commercial aircraft on established air corridors. | S29: https://www.aaro.mil/Portals/136/PDFs/case_resolution_reports/Case_Resolution_of_Western_United_States_Uap_508-02262024.pdf
A30: UAP-028 | B30: Mt. Etna Object | C30: 43435 | D30: Month | E30: Europe | F30: Mt. Etna, Italy | G30: U.S. military UAS operators / AARO | H30: Case resolution report | I30: Shortwave infrared | J30: Resolved | K30: Balloon | L30: Moderate | Q30: 15000 | R30: Moderate confidence balloon; high confidence no anomalous performance. | S30: https://www.aaro.mil/Portals/136/PDFs/case_resolution_reports/Mt-Etna-Object.pdf

Sheet Cleaned_Data
A1: Incident_ID | B1: Incident_Name | C1: Incident_Date | D1: Date_Precision | E1: Area_Group | F1: Location | G1: Reporting_Agency | H1: Source_Type | I1: Evidence_Type | J1: Status | K1: Likely_Explanation | L1: Official_Confidence | M1: Year | N1: Open_Case_Flag | O1: Credibility_Score | P1: Credibility_Rating | Q1: Assessed_Altitude_ft | R1: Notes | S1: Source_URL
A2: UAP-001 | B2: PR-001 Unresolved UAP Report | C2: 44562 | D2: Year | E2: Africa | F2: Africa 2022 | G2: U.S. Africa Command / AARO | H2: Official imagery page | I2: Infrared | J2: Unresolved | K2: Unknown / insufficient data | L2: Unknown | M2: =YEAR(C3) -> 2024 | N2: =IF(J2="Open",1,0) -> 0 | O2: =MIN(5,IF(L2="High",4,IF(L2="Moderate",3,2))+IF(OR(ISNUMBER(SEARCH("radar",I2)),ISNUMBER(SEARCH("visual",I2)),ISNUMBER(SEARCH("Satellite",I2))),1,0)) -> 2 | P2: =IF(O2>=5,"Very High",IF(O2=4,"High",IF(O2=3,"Medium","Low"))) -> Low | R2: Heat signature possibly physical object; insufficient data for conclusive evaluation. | S2: https://www.aaro.mil/UAP-Cases/Official-UAP-Imagery/
A3: UAP-002 | B3: PR-002 Resolved as Migratory Birds | C3: 45292 | D3: Year | E3: Africa | F3: Africa 2024 | G3: U.S. Africa Command / AARO | H3: Official imagery page | I3: Infrared | J3: Resolved | K3: Migratory birds | L3: High | M3: =YEAR(C4) -> 2022 | N3: =IF(J3="Open",1,0) -> 0 | O3: =MIN(5,IF(L3="High",4,IF(L3="Moderate",3,2))+IF(OR(ISNUMBER(SEARCH("radar",I3)),ISNUMBER(SEARCH("visual",I3)),ISNUMBER(SEARCH("Satellite",I3))),1,0)) -> 4 | P3: =IF(O3>=5,"Very High",IF(O3=4,"High",IF(O3=3,"Medium","Low"))) -> High | R3: High-confidence resolution to migratory birds aligned with known routes. | S3: https://www.aaro.mil/UAP-Cases/Official-UAP-Imagery/
A4: UAP-003 | B4: PR-004 Resolved as Balloon | C4: 44562 | D4: Year | E4: Europe | F4: Europe 2022 | G4: U.S. European Command / AARO | H4: Official imagery page | I4: Infrared | J4: Resolved | K4: Balloon | L4: High | M4: =YEAR(C5) -> 2022 | N4: =IF(J4="Open",1,0) -> 0 | O4: =MIN(5,IF(L4="High",4,IF(L4="Moderate",3,2))+IF(OR(ISNUMBER(SEARCH("radar",I4)),ISNUMBER(SEARCH("visual",I4)),ISNUMBER(SEARCH("Satellite",I4))),1,0)) -> 4 | P4: =IF(O4>=5,"Very High",IF(O4=4,"High",IF(O4=3,"Medium","Low"))) -> High | R4: AARO assessed the object was almost certainly a balloon. | S4: https://www.aaro.mil/UAP-Cases/Official-UAP-Imagery/
A5: UAP-004 | B5: PR-005 Resolved as Balloon | C5: 44562 | D5: Year | E5: Europe | F5: Europe 2022 | G5: U.S. European Command / AARO | H5: Official imagery page | I5: Infrared | J5: Resolved | K5: Balloon | L5: High | M5: =YEAR(C6) -> 2022 | N5: =IF(J5="Open",1,0) -> 0 | O5: =MIN(5,IF(L5="High",4,IF(L5="Moderate",3,2))+IF(OR(ISNUMBER(SEARCH("radar",I5)),ISNUMBER(SEARCH("visual",I5)),ISNUMBER(SEARCH("Satellite",I5))),1,0)) -> 4 | P5: =IF(O5>=5,"Very High",IF(O5=4,"High",IF(O5=3,"Medium","Low"))) -> High | R5: AARO assessed the object was almost certainly a balloon. | S5: https://www.aaro.mil/UAP-Cases/Official-UAP-Imagery/
A6: UAP-005 | B6: PR-006 Resolved as Balloon | C6: 44562 | D6: Year | E6: Europe | F6: Europe 2022 | G6: U.S. European Command / AARO | H6: Official imagery page | I6: Infrared | J6: Resolved | K6: Balloon | L6: High | M6: =YEAR(C7) -> 2022 | N6: =IF(J6="Open",1,0) -> 0 | O6: =MIN(5,IF(L6="High",4,IF(L6="Moderate",3,2))+IF(OR(ISNUMBER(SEARCH("radar",I6)),ISNUMBER(SEARCH("visual",I6)),ISNUMBER(SEARCH("Satellite",I6))),1,0)) -> 4 | P6: =IF(O6>=5,"Very High",IF(O6=4,"High",IF(O6=3,"Medium","Low"))) -> High | R6: AARO assessed the object was almost certainly a balloon. | S6: https://www.aaro.mil/UAP-Cases/Official-UAP-Imagery/
A7: UAP-006 | B7: PR-007 Closed as Not Anomalous | C7: 44562 | D7: Year | E7: Europe | F7: Europe 2022 | G7: U.S. European Command / AARO | H7: Official imagery page | I7: Infrared | J7: Not Anomalous | K7: Prosaic aircraft | L7: High | M7: =YEAR(C8) -> 2022 | N7: =IF(J7="Open",1,0) -> 0 | O7: =MIN(5,IF(L7="High",4,IF(L7="Moderate",3,2))+IF(OR(ISNUMBER(SEARCH("radar",I7)),ISNUMBER(SEARCH("visual",I7)),ISNUMBER(SEARCH("Satellite",I7))),1,0)) -> 4 | P7: =IF(O7>=5,"Very High",IF(O7=4,"High",IF(O7=3,"Medium","Low"))) -> High | R7: Object did not meet morphology/performance criteria for further anomalous analysis. | S7: https://www.aaro.mil/UAP-Cases/Official-UAP-Imagery/
A8: UAP-007 | B8: PR-008 Unresolved UAP Report | C8: 44562 | D8: Year | E8: Europe | F8: Europe 2022 | G8: U.S. European Command / AARO | H8: Official imagery page | I8: Infrared | J8: Unresolved | K8: Unknown / heat-signature ambiguity | L8: Unknown | M8: =YEAR(C9) -> 2022 | N8: =IF(J8="Open",1,0) -> 0 | O8: =MIN(5,IF(L8="High",4,IF(L8="Moderate",3,2))+IF(OR(ISNUMBER(SEARCH("radar",I8)),ISNUMBER(SEARCH("visual",I8)),ISNUMBER(SEARCH("Satellite",I8))),1,0)) -> 2 | P8: =IF(O8>=5,"Very High",IF(O8=4,"High",IF(O8=3,"Medium","Low"))) -> Low | R8: Possible physical source, thermal reflection, environmental differential, or sensor error. | S8: https://www.aaro.mil/UAP-Cases/Official-UAP-Imagery/
A9: UAP-008 | B9: PR-009 Resolved as Balloon | C9: 44562 | D9: Year | E9: Europe | F9: Europe 2022 | G9: U.S. European Command / AARO | H9: Official imagery page | I9: Infrared | J9: Resolved | K9: Balloon | L9: High | M9: =YEAR(C10) -> 2022 | N9: =IF(J9="Open",1,0) -> 0 | O9: =MIN(5,IF(L9="High",4,IF(L9="Moderate",3,2))+IF(OR(ISNUMBER(SEARCH("radar",I9)),ISNUMBER(SEARCH("visual",I9)),ISNUMBER(SEARCH("Satellite",I9))),1,0)) -> 4 | P9: =IF(O9>=5,"Very High",IF(O9=4,"High",IF(O9=3,"Medium","Low"))) -> High | R9: AARO assessed the object was almost certainly a balloon. | S9: https://www.aaro.mil/UAP-Cases/Official-UAP-Imagery/
A10: UAP-009 | B10: PR-010 Resolved as Balloon | C10: 44562 | D10: Year | E10: Europe | F10: Europe 2022 | G10: U.S. European Command / AARO | H10: Official imagery page | I10: Infrared | J10: Resolved | K10: Balloon | L10: High | M10: =YEAR(C11) -> 2021 | N10: =IF(J10="Open",1,0) -> 0 | O10: =MIN(5,IF(L10="High",4,IF(L10="Moderate",3,2))+IF(OR(ISNUMBER(SEARCH("radar",I10)),ISNUMBER(SEARCH("visual",I10)),ISNUMBER(SEARCH("Satellite",I10))),1,0)) -> 4 | P10: =IF(O10>=5,"Very High",IF(O10=4,"High",IF(O10=3,"Medium","Low"))) -> High | R10: AARO assessed the object was almost certainly a balloon. | S10: https://www.aaro.mil/UAP-Cases/Official-UAP-Imagery/
A11: UAP-010 | B11: PR-011 Under Analysis | C11: 44197 | D11: Year | E11: Europe | F11: Europe 2021 | G11: U.S. European Command / AARO | H11: Official imagery page | I11: Infrared | J11: Under Analysis | K11: Unknown | L11: Unknown | M11: =YEAR(C12) -> 2022 | N11: =IF(J11="Open",1,0) -> 0 | O11: =MIN(5,IF(L11="High",4,IF(L11="Moderate",3,2))+IF(OR(ISNUMBER(SEARCH("radar",I11)),ISNUMBER(SEARCH("visual",I11)),ISNUMBER(SEARCH("Satellite",I11))),1,0)) -> 2 | P11: =IF(O11>=5,"Very High",IF(O11=4,"High",IF(O11=3,"Medium","Low"))) -> Low | R11: Physical object suggested by infrared contrast; analysis ongoing. | S11: https://www.aaro.mil/UAP-Cases/Official-UAP-Imagery/
A12: UAP-011 | B12: PR-012 Unresolved UAP Report | C12: 44562 | D12: Year | E12: Europe | F12: Europe 2022 | G12: U.S. European Command / AARO | H12: Official imagery page | I12: Infrared | J12: Unresolved | K12: Unknown physical object | L12: High | M12: =YEAR(C13) -> 2022 | N12: =IF(J12="Open",1,0) -> 0 | O12: =MIN(5,IF(L12="High",4,IF(L12="Moderate",3,2))+IF(OR(ISNUMBER(SEARCH("radar",I12)),ISNUMBER(SEARCH("visual",I12)),ISNUMBER(SEARCH("Satellite",I12))),1,0)) -> 4 | P12: =IF(O12>=5,"Very High",IF(O12=4,"High",IF(O12=3,"Medium","Low"))) -> High | R12: High-confidence assessment that footage depicts a physical object, but attribution remains open. | S12: https://www.aaro.mil/UAP-Cases/Official-UAP-Imagery/
A13: UAP-012 | B13: PR-013 Unresolved UAP Report | C13: 44562 | D13: Year | E13: Europe | F13: Europe 2022 | G13: U.S. European Command / AARO | H13: Official imagery page | I13: Infrared | J13: Unresolved | K13: Unknown physical object | L13: High | M13: =YEAR(C14) -> 2022 | N13: =IF(J13="Open",1,0) -> 0 | O13: =MIN(5,IF(L13="High",4,IF(L13="Moderate",3,2))+IF(OR(ISNUMBER(SEARCH("radar",I13)),ISNUMBER(SEARCH("visual",I13)),ISNUMBER(SEARCH("Satellite",I13))),1,0)) -> 4 | P13: =IF(O13>=5,"Very High",IF(O13=4,"High",IF(O13=3,"Medium","Low"))) -> High | R13: High-confidence assessment that footage depicts a physical object, but attribution remains open. | S13: https://www.aaro.mil/UAP-Cases/Official-UAP-Imagery/
... A21: UAP-020 | B21: Middle East Unresolved UAP | C21: 44927 | D21: Year | E21: Middle East | F21: Middle East 2023 | G21: U.S. Military Service / AARO | H21: Official imagery page | I21: Infrared | J21: Unresolved | K21: Unknown / artifact vs physical source | L21: Unknown | M21: =YEAR(C22) -> 2017 | N21: =IF(J21="Open",1,0) -> 0 | O21: =MIN(5,IF(L21="High",4,IF(L21="Moderate",3,2))+IF(OR(ISNUMBER(SEARCH("radar",I21)),ISNUMBER(SEARCH("visual",I21)),ISNUMBER(SEARCH("Satellite",I21))),1,0)) -> 2 | P21: =IF(O21>=5,"Very High",IF(O21=4,"High",IF(O21=3,"Medium","Low"))) -> Low | R21: Thermal contrast may indicate physical object, but telemetry and multi-modal data were lacking. | S21: https://www.aaro.mil/UAP-Cases/Official-UAP-Imagery/
A22: UAP-021 | B22: Al Taqaddum Object | C22: 43031 | D22: Year | E22: Middle East | F22: Al Taqaddum Air Base, Iraq | G22: AARO / DoD | H22: Case resolution report | I22: Infrared | J22: Resolved | K22: Cluster of balloons | L22: High | M22: =YEAR(C23) -> 2103 | N22: =IF(J22="Open",1,0) -> 0 | O22: =MIN(5,IF(L22="High",4,IF(L22="Moderate",3,2))+IF(OR(ISNUMBER(SEARCH("radar",I22)),ISNUMBER(SEARCH("visual",I22)),ISNUMBER(SEARCH("Satellite",I22))),1,0)) -> 4 | P22: =IF(O22>=5,"Very High",IF(O22=4,"High",IF(O22=3,"Medium","Low"))) -> High | Q22: 2200 | R22: AARO assessed with high confidence the object was consistent with a cluster of balloons. | S22: https://www.aaro.mil/Portals/136/PDFs/case_resolution_reports/AARO_Al_Taqaddam_Case_Resolution_Final.pdf
A23: UAP-022 | B23: Puerto Rico Object | C23: 74261 | D23: Year | E23: North America/Caribbean | F23: Puerto Rico | G23: U.S. Customs and Border Protection / AARO | H23: Case resolution report | I23: Infrared | J23: Resolved | K23: Pair of sky lanterns | L23: Moderate | M23: =YEAR(C24) -> 2015 | N23: =IF(J23="Open",1,0) -> 0 | O23: =MIN(5,IF(L23="High",4,IF(L23="Moderate",3,2))+IF(OR(ISNUMBER(SEARCH("radar",I23)),ISNUMBER(SEARCH("visual",I23)),ISNUMBER(SEARCH("Satellite",I23))),1,0)) -> 3 | P23: =IF(O23>=5,"Very High",IF(O23=4,"High",IF(O23=3,"Medium","Low"))) -> Medium | Q23: 656 | R23: AARO assessed no anomalous behavior; moderate confidence objects were sky lanterns. | S23: https://www.aaro.mil/Portals/136/PDFs/case_resolution_reports/AARO_Puerto_Rico_UAP_Case_Resolution.pdf
A24: UAP-023 | B24: GoFast | C24: 42005 | D24: Year | E24: North America/Caribbean | F24: Eastern coast of Florida | G24: U.S. Navy / AARO | H24: Case resolution report | I24: Forward Looking Infrared | J24: Not Anomalous | K24: Unidentified object; no anomalous performance | L24: Hgh | M24: =YEAR(C25) -> 2023 | N24: =IF(J24="Open",1,0) -> 0 | O24: =MIN(5,IF(L24="High",4,IF(L24="Moderate",3,2))+IF(OR(ISNUMBER(SEARCH("radar",I24)),ISNUMBER(SEARCH("visual",I24)),ISNUMBER(SEARCH("Satellite",I24))),1,0)) -> 2 | P24: =IF(O24>=5,"Very High",IF(O24=4,"High",IF(O24=3,"Medium","Low"))) -> Low | Q24: 13000 | R24: AARO could not identify the object, but assessed with high confidence it showed no anomalous performance. | S24: https://www.aaro.mil/Portals/136/PDFs/case_resolution_reports/AARO_GoFast_Case_Resolution_Card_Methodology_Final.pdf
A25: UAP-024 | B25: Eglin UAP | C25: 44952 | D25: Year | E25: North America/Caribbean | F25: Near Eglin Air Force Base, Florida | G25: Military personnel / AARO | H25: Case resolution report | I25: Electro-optical, infrared, visual identification, and radar | J25: Resolved | K25: Lighter-than-air object / balloon | L25: Moderate | M25: =YEAR(C26) -> 2022 | N25: =IF(J25="Open",1,0) -> 0 | O25: =MIN(5,IF(L25="High",4,IF(L25="Moderate",3,2))+IF(OR(ISNUMBER(SEARCH("radar",I25)),ISNUMBER(SEARCH("visual",I25)),ISNUMBER(SEARCH("Satellite",I25))),1,0)) -> 4 | P25: =IF(O25>=5,"Very High",IF(O25=4,"High",IF(O25=3,"Medium","Low"))) -> High | Q25: 16000 | R25: Resolved with moderate confidence as a lighter-than-air object such as a commercial lighting balloon. | S25: https://www.aaro.mil/Portals/136/PDFs/case_resolution_reports/Case_Resolution_of_Eglin_UAP_2_508_.pdf
A26: UAP-025 | B26: Atmospheric Wakes | C26: 44562 | D26: Year | E26: Multi-Region | F26: Middle East and Mediterranean Sea | G26: Theater UAV operators / AARO | H26: Case resolution report | I26: Infrared | J26: Resolved | K26: Sensor artifact / prosaic aircraft | L26: High | M26: =YEAR(C27) -> 2017 | N26: =IF(J26="Open",1,0) -> 0 | O26: =MIN(5,IF(L26="High",4,IF(L26="Moderate",3,2))+IF(OR(ISNUMBER(SEARCH("radar",I26)),ISNUMBER(SEARCH("visual",I26)),ISNUMBER(SEARCH("Satellite",I26))),1,0)) -> 4 | P26: =IF(O26>=5,"Very High",IF(O26=4,"High",IF(O26=3,"Medium","Low"))) -> High | R26: Three cases resolved as prosaic aircraft plus sensor artifacts rather than anomalous propulsion. | S26: https://www.aaro.mil/Portals/136/PDFs/case_resolution_reports/Case_Resolution_of_Atmospheric_Wakes_508-02262024.pdf
A27: UAP-026 | B27: Southeast Asia Triangles | C27: 42977 | D27: Year | E27: Asia-Pacific | F27: Southeast Asia | G27: Intelligence Community member / AARO | H27: Case resolution report | I27: Satellite imagery | J27: Resolved | K27: Fishing nets | L27: High | M27: =YEAR(C28) -> 2021 | N27: =IF(J27="Open",1,0) -> 0 | O27: =MIN(5,IF(L27="High",4,IF(L27="Moderate",3,2))+IF(OR(ISNUMBER(SEARCH("radar",I27)),ISNUMBER(SEARCH("visual",I27)),ISNUMBER(SEARCH("Satellite",I27))),1,0)) -> 5 | P27: =IF(O27>=5,"Very High",IF(O27=4,"High",IF(O27=3,"Medium","Low"))) -> Very High | R27: Objects were almost certainly static fishing nets on the ocean surface. | S27: https://www.aaro.mil/Portals/136/PDFs/case_resolution_reports/Case_Resolution_of_Southeast_Asia_Triangles_508-02262024.pdf
A28: UAP-027 | B28: Western United States | C28: 44197 | D28: Year | E28: North America/Caribbean | F28: Western United States military airspace | G28: Military personnel / AARO | H28: Case resolution report | I28: Infrared | J28: Resolved | K28: Commercial aircraft | L28: High | M28: =YEAR(C29) -> 2018 | N28: =IF(J28="Open",1,0) -> 0 | O28: =MIN(5,IF(L28="High",4,IF(L28="Moderate",3,2))+IF(OR(ISNUMBER(SEARCH("radar",I28)),ISNUMBER(SEARCH("visual",I28)),ISNUMBER(SEARCH("Satellite",I28))),1,0)) -> 4 | P28: =IF(O28>=5,"Very High",IF(O28=4,"High",IF(O28=3,"Medium","Low"))) -> High | Q28: 40000 | R28: Equidistant lights correlated with commercial aircraft on established air corridors. | S28: https://www.aaro.mil/Portals/136/PDFs/case_resolution_reports/Case_Resolution_of_Western_United_States_Uap_508-02262024.pdf
A29: UAP-028 | B29: Mt. Etna Object | C29: 43435 | D29: Year | E29: Europe | F29: Mt. Etna, Italy | G29: U.S. military UAS operators / AARO | H29: Case resolution report | I29: Shortwave infrared | J29: Resolved | K29: Balloon | L29: Moderate | M29: =YEAR(#REF!) -> #REF! | N29: =IF(J29="Open",1,0) -> 0 | O29: =MIN(5,IF(L29="High",4,IF(L29="Moderate",3,2))+IF(OR(ISNUMBER(SEARCH("radar",I29)),ISNUMBER(SEARCH("visual",I29)),ISNUMBER(SEARCH("Satellite",I29))),1,0)) -> 3 | P29: =IF(O29>=5,"Very High",IF(O29=4,"High",IF(O29=3,"Medium","Low"))) -> Medium | Q29: 15000 | R29: Moderate confidence balloon; high confidence no anomalous performance. | S29: https://www.aaro.mil/Portals/136/PDFs/case_resolution_reports/Mt-Etna-Object.pdf

Sheet Analysis
A1: Analysis
A7: Total incidents | C7: Open cases | E7: Resolved / not anomalous | G7: Avg. credibility score
A8: =COUNTA(Cleaned_Data!A2:A35) -> 28 | C8: =COUNTIF(Cleaned_Data!N:N,1) -> 0 | E8: =COUNTIF(Cleaned_Data!J:J,"Resolved")+COUNTIF(Cleaned_Data!J:J,"Not Anomalous") -> 17 | G8: =ROUND(AVERAGE(Cleaned_Data!O:O),2) -> 3.46
A11: Status summary | D11: Area summary
A12: Status | B12: Count | D12: Area_Group | E12: Count | F12: Avg Score
A13: Resolved | B13: =COUNTIF(Cleaned_Data!$J$2:$J$200,A13) -> 15 | D13: Africa | E13: =COUNTIF(Cleaned_Data!$E$2:$E$200,D13) -> 2 | F13: =ROUND(AVERAGEIF(Cleaned_Data!$E$2:$E$200,D13,Cleaned_Data!$O$2:$O$200),2) -> 3
A14: Unresolved | B14: =COUNTIF(Cleaned_Data!$J$2:$J$200,A14) -> 10 | D14: Europe | E14: =COUNTIF(Cleaned_Data!$E$2:$E$200,D14) -> 15 | F14: =ROUND(AVERAGEIF(Cleaned_Data!$E$2:$E$200,D14,Cleaned_Data!$O$2:$O$200),2) -> 3.53
A15: Under Analysis | B15: =COUNTIF(Cleaned_Data!$J$2:$J$200,A15) -> 1 | D15: Middle East | E15: =COUNTIF(Cleaned_Data!$E$2:$E$200,D15) -> 4 | F15: =ROUND(AVERAGEIF(Cleaned_Data!$E$2:$E$200,D15,Cleaned_Data!$O$2:$O$200),2) -> 3
A16: Not Anomalous | B16: =COUNTIF(Cleaned_Data!$J$2:$J$200,A16) -> 2 | D16: North America/Caribbean | E16: =COUNTIF(Cleaned_Data!$E$2:$E$200,D16) -> 4 | F16: =ROUND(AVERAGEIF(Cleaned_Data!$E$2:$E$200,D16,Cleaned_Data!$O$2:$O$200),2) -> 3.25
D17: Asia-Pacific | E17: =COUNTIF(Cleaned_Data!$E$2:$E$200,D17) -> 1 | F17: =ROUND(AVERAGEIF(Cleaned_Data!$E$2:$E$200,D17,Cleaned_Data!$O$2:$O$200),2) -> 5
D18: Multi-Region | E18: =COUNTIF(Cleaned_Data!$E$2:$E$200,D18) -> 1 | F18: =ROUND(AVERAGEIF(Cleaned_Data!$E$2:$E$200,D18,Cleaned_Data!$O$2:$O$200),2) -> 4
A19: Likely explanation summary | D19: Incidents by year
A20: Explanation | B20: Count | D20: Year | E20: Count | F20: Open
A21: Balloon | B21: =COUNTIF(Cleaned_Data!$K$2:$K$200,A21) -> 6 | D21: 2013 | E21: =COUNTIF(Cleaned_Data!$M$2:$M$200,D21) -> 0 | F21: =COUNTIFS('2_Cleaned_Data'!$M$2:$M$200,D25,'2_Cleaned_Data'!$N$2:$N$200,1) -> 0
A22: Birds | B22: =COUNTIF(Cleaned_Data!$K$2:$K$200,A22) -> 1 | D22: 2015 | E22: =COUNTIF(Cleaned_Data!$M$2:$M$200,D22) -> 1 | F22: =COUNTIFS('2_Cleaned_Data'!$M$2:$M$200,D26,'2_Cleaned_Data'!$N$2:$N$200,1) -> 0
A23: Cluster of balloons | B23: =COUNTIF(Cleaned_Data!$K$2:$K$200,A23) -> 1 | D23: 2017 | E23: =COUNTIF(Cleaned_Data!$M$2:$M$200,D23) -> 2 | F23: =COUNTIFS('2_Cleaned_Data'!$M$2:$M$200,D27,'2_Cleaned_Data'!$N$2:$N$200,1) -> 0
A24: Reflective foil balloon | B24: =COUNTIF(Cleaned_Data!$K$2:$K$200,A24) -> 1 | D24: 2018 | E24: =COUNTIF(Cleaned_Data!$M$2:$M$200,D24) -> 1 | F24: =COUNTIFS('2_Cleaned_Data'!$M$2:$M$200,D28,'2_Cleaned_Data'!$N$2:$N$200,1) -> 0
A25: Commercial aircraft | B25: =COUNTIF(Cleaned_Data!$K$2:$K$200,A25) -> 1 | D25: 2021 | E25: =COUNTIF(Cleaned_Data!$M$2:$M$200,D25) -> 2 | F25: 1
A26: Prosaic aircraft | B26: =COUNTIF(Cleaned_Data!$K$2:$K$200,A26) -> 1 | D26: 2022 | E26: =COUNTIF(Cleaned_Data!$M$2:$M$200,D26) -> 12 | F26: 6
A27: Sensor artifact / prosaic aircraft | B27: =COUNTIF(Cleaned_Data!$K$2:$K$200,A27) -> 1 | D27: 2023 | E27: =COUNTIF(Cleaned_Data!$M$2:$M$200,D27) -> 3 | F27: 1
A28: Fishing nets | B28: =COUNTIF(Cleaned_Data!$K$2:$K$200,A28) -> 1 | D28: 2024 | E28: =COUNTIF(Cleaned_Data!$M$2:$M$200,D28) -> 5 | F28: 3
A29: Pair of sky lanterns | B29: =COUNTIF(Cleaned_Data!$K$2:$K$200,A29) -> 1
A30: Unknown physical object | B30: =COUNTIF(Cleaned_Data!$K$2:$K$200,A30) -> 5
A31: Unknown / insufficient data | B31: =COUNTIF(Cleaned_Data!$K$2:$K$200,A31) -> 1
A32: Unknown / artifact vs physical source | B32: =COUNTIF(Cleaned_Data!$K$2:$K$200,A32) -> 2
A33: Unknown / heat-signature ambiguity | B33: =COUNTIF(Cleaned_Data!$K$2:$K$200,A33) -> 1
A34: Unidentified object; no anomalous performance | B34: =COUNTIF(Cleaned_Data!$K$2:$K$200,A34) -> 1
A35: 3 | B35: =COUNTIF(Cleaned_Data!$K$2:$K$200,A35) -> 0

Sheet Vizualizations
F1: Visualizations

Sheet Sources
A1: Sources
A4: Source | B4: Why it matters | C4: URL | D4: Notes
A5: AARO Official UAP Imagery | B5: Row-level public incident cards for PR-001 to PR-018 and Middle East examples | C5: https://www.aaro.mil/UAP-Cases/Official-UAP-Imagery/ | D5: Used for many 2021-2024 official imagery incidents
A6: AARO Case Resolution Reports page | B6: Index page for official case-resolution documents | C6: https://www.aaro.mil/UAP-Cases/UAP-Case-Resolution-Reports/ | D6: Used to source deeper case studies
A7: ODNI / DoD FY2024 consolidated UAP report | B7: Official report with totals and context (757 reports; 1,652 total under review; no extraterrestrial evidence) | C7: https://www.dni.gov/files/ODNI/documents/assessments/DOD-AARO-Consolidated-Annual-Report-on-UAP-Nov2024.pdf | D7: Useful for README context
A8: DoD statement on historical Navy videos | B8: Confirms official release of 2004/2015 Navy videos in 2020 | C8: https://www.defense.gov/News/Releases/Release/Article/2165713/statement-by-the-department-of-defense-on-the-release-of-historical-navy-videos/ | D8: Supports the public-history context around Navy cases
A9: AARO GoFast case resolution | B9: Official case-resolution PDF | C9: https://www.aaro.mil/Portals/136/PDFs/case_resolution_reports/AARO_GoFast_Case_Resolution_Card_Methodology_Final.pdf | D9: Location: eastern coast of Florida; date: January 2015
A10: AARO Puerto Rico case resolution | B10: Official case-resolution PDF | C10: https://www.aaro.mil/Portals/136/PDFs/case_resolution_reports/AARO_Puerto_Rico_UAP_Case_Resolution.pdf | D10: Location: Puerto Rico; date: April 26, 2013
A11: AARO Al Taqaddum case resolution | B11: Official case-resolution PDF | C11: https://www.aaro.mil/Portals/136/PDFs/case_resolution_reports/AARO_Al_Taqaddam_Case_Resolution_Final.pdf | D11: Location: Iraq; date: October 23, 2017
A12: AARO Eglin case resolution | B12: Official case-resolution PDF | C12: https://www.aaro.mil/Portals/136/PDFs/case_resolution_reports/Case_Resolution_of_Eglin_UAP_2_508_.pdf | D12: Location: near Eglin AFB, Florida; date: January 26, 2023
A13: AARO Mt. Etna case resolution | B13: Official case-resolution PDF | C13: https://www.aaro.mil/Portals/136/PDFs/case_resolution_reports/Mt-Etna-Object.pdf | D13: Location: Mt. Etna, Italy; date: December 2018
